{
    "/home/awittgen/Thesis_FS_Ent_DNLI/models/tacred_k32_3": {
        "dev": {
            "optimal_threshold": 0.98998998998999,
            "positive_accuracy": 0.17142857142857143,
            "precision": 0.19480519480519481,
            "recall": 0.14285714285714285,
            "f1-score": 0.16483516483516483
        },
        "test": {
            "optimal_threshold": 0.98998998998999,
            "positive_accuracy": 0.17342683851402577,
            "precision": 0.1950050454086781,
            "recall": 0.1465125094768764,
            "f1-score": 0.1673160173160173
        }
    }
}