{
    "roberta-large-mnli": {
        "test": {
            "optimal_threshold": 0.5,
            "positive_accuracy": 0.1832827899924185,
            "precision": 0.09177546936052607,
            "recall": 0.182524639878696,
            "f1-score": 0.12213837275667451
        }
    }
}