{
    "/home/awittgen/Thesis_FS_Ent_DNLI/models/dnli_1e-6": {
        "dev": {
            "optimal_threshold": 0.965965965965966,
            "positive_accuracy": 0.12832929782082325,
            "precision": 0.16019417475728157,
            "recall": 0.1198547215496368,
            "f1-score": 0.1371191135734072
        },
        "test": {
            "optimal_threshold": 0.965965965965966,
            "positive_accuracy": 0.10819020913658138,
            "precision": 0.12725225225225226,
            "recall": 0.09241733847412081,
            "f1-score": 0.10707275803722506
        }
    }
}