{
    "/home/awittgen/Thesis_FS_Ent_DNLI/models/dnli_1e-5": {
        "test": {
            "optimal_threshold": 0.5,
            "positive_accuracy": 0.05902702702702703,
            "precision": 0.058081945069788386,
            "recall": 0.055783783783783784,
            "f1-score": 0.0569096724385133
        }
    }
}