{
    "/home/awittgen/Thesis_FS_Ent_DNLI/models/nli_k4_3": {
        "dev": {
            "optimal_threshold": 0.0,
            "positive_accuracy": 0.0,
            "precision": 0.0,
            "recall": 0.0,
            "f1-score": 0.0
        },
        "test": {
            "optimal_threshold": 0.0,
            "positive_accuracy": 0.01288855193328279,
            "precision": 0.006565607801486917,
            "recall": 0.01288855193328279,
            "f1-score": 0.008699545832533743
        }
    }
}