{
    "/home/awittgen/Thesis_FS_Ent_DNLI/models/dnli_4e-6": {
        "test": {
            "optimal_threshold": 0.5,
            "positive_accuracy": 0.09848648648648649,
            "precision": 0.08669596484218937,
            "recall": 0.09383783783783783,
            "f1-score": 0.09012563596718928
        }
    }
}