{
    "/home/awittgen/Thesis_FS_Ent_DNLI/models/roberta-4e-6": {
        "test": {
            "optimal_threshold": 0.5,
            "positive_accuracy": 0.1588224264016501,
            "precision": 0.09363212780119813,
            "recall": 0.1582598912432027,
            "f1-score": 0.11765525893915102
        }
    }
}