{
    "roberta-large-mnli": {
        "test": {
            "optimal_threshold": 0.5,
            "positive_accuracy": 0.13599719593410445,
            "precision": 0.12477004653176063,
            "recall": 0.13471199906531137,
            "f1-score": 0.12955056179775282
        }
    }
}