{
    "/home/awittgen/Thesis_FS_Ent_DNLI/models/roberta-1e-6": {
        "test": {
            "optimal_threshold": 0.5,
            "positive_accuracy": 0.18994937183573973,
            "precision": 0.10141155270797877,
            "recall": 0.18994937183573973,
            "f1-score": 0.1322281686463908
        }
    }
}