{
    "/home/awittgen/Thesis_FS_Ent_DNLI/models/roberta-1e-5": {
        "dev": {
            "optimal_threshold": 0.980980980980981,
            "positive_accuracy": 0.12244515282205137,
            "precision": 0.11090047393364928,
            "recall": 0.10969435589724358,
            "f1-score": 0.11029411764705882
        },
        "test": {
            "optimal_threshold": 0.980980980980981,
            "positive_accuracy": 0.12395754359363154,
            "precision": 0.12066081137599331,
            "recall": 0.10936315390447308,
            "f1-score": 0.1147345396699145
        }
    }
}