{
    "/home/awittgen/Thesis_FS_Ent_DNLI/models/vanilla_k16": {
        "dev": {
            "optimal_threshold": 0.0,
            "positive_accuracy": 0.08163265306122448,
            "precision": 0.02631578947368421,
            "recall": 0.08163265306122448,
            "f1-score": 0.039800995024875614
        },
        "test": {
            "optimal_threshold": 0.0,
            "positive_accuracy": 0.07221379833206976,
            "precision": 0.03678671429950758,
            "recall": 0.07221379833206976,
            "f1-score": 0.04874304356169641
        }
    }
}