{
    "/home/awittgen/Thesis_FS_Ent_DNLI/models/dnli_1e-6": {
        "test": {
            "optimal_threshold": 0.5,
            "positive_accuracy": 0.10819020913658138,
            "precision": 0.08352497470333915,
            "recall": 0.10608715971491997,
            "f1-score": 0.0934637159032424
        }
    }
}