{
    "/home/awittgen/Thesis_FS_Ent_DNLI/models/dnli_1e-6": {
        "dev": {
            "optimal_threshold": 0.9669669669669669,
            "positive_accuracy": 0.1346153846153846,
            "precision": 0.16883116883116883,
            "recall": 0.125,
            "f1-score": 0.143646408839779
        },
        "test": {
            "optimal_threshold": 0.9669669669669669,
            "positive_accuracy": 0.10819020913658138,
            "precision": 0.12753200453735214,
            "recall": 0.09194999415819605,
            "f1-score": 0.10685675492192805
        }
    }
}