{
    "/home/awittgen/Thesis_FS_Ent_DNLI/models/dnli_1e-6": {
        "dev": {
            "optimal_threshold": 0.91991991991992,
            "positive_accuracy": 0.129153605015674,
            "precision": 0.1326676176890157,
            "recall": 0.11661442006269593,
            "f1-score": 0.12412412412412413
        },
        "test": {
            "optimal_threshold": 0.91991991991992,
            "positive_accuracy": 0.10819020913658138,
            "precision": 0.11571352218065206,
            "recall": 0.10118004439771001,
            "f1-score": 0.10795985788194229
        }
    }
}