{
    "/home/awittgen/Thesis_FS_Ent_DNLI/models/vanilla_k4_3": {
        "dev": {
            "optimal_threshold": 0.9619619619619619,
            "positive_accuracy": 0.16666666666666666,
            "precision": 0.5,
            "recall": 0.16666666666666666,
            "f1-score": 0.25
        },
        "test": {
            "optimal_threshold": 0.9619619619619619,
            "positive_accuracy": 0.10822592873388931,
            "precision": 0.13535791757049892,
            "recall": 0.05913570887035633,
            "f1-score": 0.08231104075979423
        }
    }
}