{
    "/home/awittgen/Thesis_FS_Ent_DNLI/models/tacred_full": {
        "dev": {
            "optimal_threshold": 0.9579579579579579,
            "positive_accuracy": 0.09769360585036564,
            "precision": 0.09719934102141681,
            "recall": 0.08850553159572473,
            "f1-score": 0.09264893512611641
        },
        "test": {
            "optimal_threshold": 0.9579579579579579,
            "positive_accuracy": 0.1029188779378317,
            "precision": 0.10321631280218625,
            "recall": 0.09306292645943896,
            "f1-score": 0.09787700588059405
        }
    }
}