{
    "/home/awittgen/Thesis_FS_Ent_DNLI/models/tacred_k16_2": {
        "dev": {
            "optimal_threshold": 0.994994994994995,
            "positive_accuracy": 0.12244897959183673,
            "precision": 0.14634146341463414,
            "recall": 0.12244897959183673,
            "f1-score": 0.13333333333333333
        },
        "test": {
            "optimal_threshold": 0.994994994994995,
            "positive_accuracy": 0.18896891584533737,
            "precision": 0.19404352806414663,
            "recall": 0.16053828658074298,
            "f1-score": 0.17570791411679287
        }
    }
}