{
    "roberta-large-mnli": {
        "dev": {
            "optimal_threshold": 0.9369369369369369,
            "positive_accuracy": 0.1335423197492163,
            "precision": 0.21331828442437922,
            "recall": 0.11849529780564264,
            "f1-score": 0.15235792019347036
        },
        "test": {
            "optimal_threshold": 0.9369369369369369,
            "positive_accuracy": 0.13599719593410445,
            "precision": 0.19798933114485023,
            "recall": 0.11274681621684776,
            "f1-score": 0.1436760217375121
        }
    }
}