{
    "roberta-large-mnli": {
        "dev": {
            "optimal_threshold": 0.9269269269269269,
            "positive_accuracy": 0.13275675675675674,
            "precision": 0.19189882697947214,
            "recall": 0.11318918918918919,
            "f1-score": 0.142390860873113
        },
        "test": {
            "optimal_threshold": 0.9269269269269269,
            "positive_accuracy": 0.13599719593410445,
            "precision": 0.1919937815779246,
            "recall": 0.11543404603341512,
            "f1-score": 0.1441809558555272
        }
    }
}